{
  "format_version": 3,
  "sessions_trained": 100,
  "state": {
    "warn": true,
    "caution": false,
    "green_far": true,
    "red_far": true,
    "body_far": false
  },
  "config": {
    "board": {
      "size": 10,
      "green_apples": 2,
      "red_apples": 1,
      "initial_length": 3
    },
    "goal": {
      "target_length": 10
    },
    "state": {
      "warn": true,
      "caution": false,
      "green_far": true,
      "red_far": true,
      "body_far": false
    },
    "rewards": {
      "green": 20.0,
      "red": -10.0,
      "step": -1.0,
      "death": -100.0,
      "win": 100.0
    },
    "exploration": {
      "strategy": "epsilon_greedy",
      "epsilon_start": 1.0,
      "epsilon_min": 0.01,
      "epsilon_decay": 0.99
    },
    "learning": {
      "alpha_strategy": "constant",
      "alpha": 0.1,
      "gamma": 0.9
    },
    "evaluation": {
      "games": 100,
      "step_cap": 1000
    },
    "gui": {
      "cell_px": 40,
      "speed_ms": 150
    }
  },
  "curve": [
    4,
    3,
    3,
    3,
    3,
    3,
    3,
    3,
    3,
    3,
    3,
    3,
    3,
    3,
    3,
    3,
    3,
    3,
    3,
    3,
    3,
    3,
    3,
    3,
    3,
    3,
    3,
    3,
    3,
    3,
    3,
    3,
    5,
    3,
    3,
    3,
    3,
    3,
    3,
    3,
    3,
    3,
    3,
    3,
    3,
    3,
    3,
    3,
    3,
    3,
    3,
    4,
    3,
    4,
    3,
    3,
    3,
    3,
    3,
    3,
    3,
    3,
    3,
    4,
    3,
    3,
    3,
    4,
    3,
    3,
    3,
    3,
    4,
    3,
    3,
    3,
    3,
    3,
    3,
    3,
    3,
    3,
    3,
    5,
    3,
    4,
    3,
    3,
    3,
    3,
    3,
    3,
    5,
    3,
    3,
    3,
    3,
    3,
    3,
    3
  ],
  "q": {
    "DDN": [
      -10.0,
      0.0,
      -0.130951,
      -10.0
    ],
    "DDg": [
      0.0,
      0.0,
      0.0,
      -10.0
    ],
    "DDr": [
      -10.0,
      -10.0,
      0.0,
      -19.0
    ],
    "DGN": [
      -10.0,
      0.08160437510000003,
      -0.1,
      -10.0
    ],
    "DNN": [
      -34.39,
      -0.8517185120242716,
      -0.8681667183708877,
      -34.39
    ],
    "DNR": [
      -19.0,
      0.0,
      -0.1,
      -10.0
    ],
    "DNd": [
      -10.0,
      -0.199,
      -0.1,
      0.0
    ],
    "DNg": [
      -10.0,
      -0.15619581474523894,
      0.0,
      0.0
    ],
    "DNr": [
      0.0,
      0.0,
      0.0,
      -10.0
    ],
    "Ddr": [
      0.0,
      0.0,
      0.0,
      -10.0
    ],
    "GDN": [
      4.9813616290876315,
      0.0,
      -0.13180465900000002,
      -0.1
    ],
    "GDr": [
      0.04470949821410002,
      0.0,
      0.0,
      0.0
    ],
    "GGN": [
      0.0,
      0.0,
      0.0,
      -10.0
    ],
    "GNN": [
      3.7918738357175945,
      -0.5104796586208458,
      -0.24149073667366333,
      -19.0
    ],
    "GNd": [
      1.6190000000000002,
      0.0,
      -0.1,
      -10.0
    ],
    "GNr": [
      0.0,
      0.0,
      -0.1,
      0.0
    ],
    "GRd": [
      2.6152846093741466,
      0.0,
      0.0,
      0.0
    ],
    "Gdg": [
      0.0,
      -0.1,
      0.0,
      0.0
    ],
    "NDG": [
      -0.14753976031000002,
      0.0,
      0.25380671233796315,
      -10.0
    ],
    "NDN": [
      -1.0478378186954416,
      -60.87053061100001,
      -0.23522760561576772,
      -40.951
    ],
    "NDR": [
      0.0,
      0.0,
      0.0,
      -0.14753976031000002
    ],
    "NDd": [
      -0.10181311895376251,
      0.0,
      -0.1,
      0.0
    ],
    "NDg": [
      -0.48659329924802563,
      -10.0,
      -0.5022859453767414,
      -10.0
    ],
    "NDr": [
      0.0,
      -19.0,
      0.0,
      -19.0
    ],
    "NGN": [
      -0.3782830444816091,
      8.152846093741465,
      -0.49001315650043664,
      -34.39
    ],
    "NGd": [
      -0.1218216766152917,
      0.0,
      -0.1489559194279,
      -10.0
    ],
    "NNN": [
      -1.045495384667575,
      -1.4279255999653406,
      -1.389107376621124,
      -74.58134171671
    ],
    "NNR": [
      -0.5875183560656321,
      -0.11710000000000001,
      -1.0,
      -10.0
    ],
    "NNd": [
      -0.91253051426911,
      -0.9132109805962605,
      -0.9558743223918653,
      -65.13215599
    ],
    "NNg": [
      -0.42780066478010126,
      -0.21640118877698677,
      -0.3663951967949721,
      -34.39
    ],
    "NNr": [
      -0.21268580256782343,
      -0.1762209665305537,
      -0.1,
      -10.0
    ],
    "NRd": [
      -0.1,
      -0.1,
      0.0,
      -10.0
    ],
    "Ndd": [
      0.0,
      0.0,
      -0.16038623327071505,
      0.0
    ],
    "Ndg": [
      -0.14169390931,
      -0.368750962,
      -0.11267259252257807,
      -10.0
    ],
    "Ndr": [
      -0.14286177379,
      0.0,
      0.0,
      -10.0
    ],
    "RDN": [
      0.0,
      -10.0,
      0.0,
      0.0
    ],
    "RDg": [
      0.0,
      0.0,
      -0.11178558999999999,
      0.0
    ],
    "RNN": [
      0.0,
      -0.142227345502,
      0.19832034614241537,
      -10.0
    ],
    "RNg": [
      -0.1,
      0.0,
      0.0,
      0.0
    ],
    "dDG": [
      0.0,
      0.0,
      0.0,
      -10.0
    ],
    "dDN": [
      -0.19,
      -10.0,
      -0.19,
      -10.0
    ],
    "dGN": [
      -0.12761218000000002,
      -0.19,
      -0.23286177379,
      -10.0
    ],
    "dNN": [
      -0.8463668894360703,
      -0.8056754580077383,
      -0.8092467503437102,
      -19.0
    ],
    "dNR": [
      0.0,
      -0.12439,
      0.0,
      0.0
    ],
    "dNd": [
      -0.19,
      -0.21862419310000003,
      -0.1,
      -19.0
    ],
    "dNg": [
      0.0,
      -0.19,
      0.0719,
      0.0
    ],
    "dNr": [
      -0.1,
      0.0,
      0.0,
      0.0
    ],
    "gDN": [
      0.0,
      -10.0,
      0.0,
      -10.0
    ],
    "gGN": [
      0.0,
      -0.1,
      0.0,
      0.0
    ],
    "gNN": [
      -0.34390000000000004,
      -0.42845458169995054,
      -0.43002129640473863,
      -19.0
    ],
    "gNg": [
      0.0,
      -0.1,
      0.0,
      0.0
    ],
    "rDg": [
      -0.1,
      0.0,
      0.0,
      0.0
    ],
    "rNN": [
      0.0,
      0.4795175231,
      0.0,
      0.0
    ],
    "rNd": [
      0.0,
      -0.1,
      0.0,
      0.0
    ]
  },
  "visits": {
    "DDN": [
      1,
      0,
      1,
      1
    ],
    "DDg": [
      0,
      0,
      0,
      1
    ],
    "DDr": [
      1,
      1,
      0,
      2
    ],
    "DGN": [
      1,
      1,
      1,
      1
    ],
    "DNN": [
      4,
      10,
      9,
      4
    ],
    "DNR": [
      2,
      0,
      1,
      1
    ],
    "DNd": [
      1,
      2,
      1,
      0
    ],
    "DNg": [
      1,
      1,
      0,
      0
    ],
    "DNr": [
      0,
      0,
      0,
      1
    ],
    "Ddr": [
      0,
      0,
      0,
      1
    ],
    "GDN": [
      6,
      0,
      1,
      1
    ],
    "GDr": [
      1,
      0,
      0,
      0
    ],
    "GGN": [
      0,
      0,
      0,
      1
    ],
    "GNN": [
      5,
      3,
      4,
      2
    ],
    "GNd": [
      3,
      0,
      1,
      1
    ],
    "GNr": [
      0,
      0,
      1,
      0
    ],
    "GRd": [
      1,
      0,
      0,
      0
    ],
    "Gdg": [
      0,
      1,
      0,
      0
    ],
    "NDG": [
      1,
      0,
      1,
      1
    ],
    "NDN": [
      13,
      10,
      12,
      5
    ],
    "NDR": [
      0,
      0,
      0,
      1
    ],
    "NDd": [
      1,
      0,
      1,
      0
    ],
    "NDg": [
      4,
      1,
      6,
      1
    ],
    "NDr": [
      0,
      2,
      0,
      2
    ],
    "NGN": [
      3,
      13,
      5,
      4
    ],
    "NGd": [
      1,
      0,
      1,
      1
    ],
    "NNN": [
      50,
      47,
      29,
      13
    ],
    "NNR": [
      4,
      1,
      3,
      1
    ],
    "NNd": [
      11,
      17,
      12,
      10
    ],
    "NNg": [
      3,
      2,
      4,
      4
    ],
    "NNr": [
      3,
      1,
      1,
      1
    ],
    "NRd": [
      1,
      1,
      0,
      1
    ],